,thresholds,precision_scores,accuracy_scores,auc_roc_scores,avg_precision_scores,recall_scores,true_positives,false_positives
0,0.05,0.7315702479338843,0.7317291814107101,0.5015138482676114,0.7315701710008764,0.9998709094429743,15491,5684
1,0.1,0.7342889690525916,0.7347959424392545,0.508377336452486,0.7342840482689293,0.9985154585942039,15470,5598
2,0.15,0.73923904688701,0.7389478650625148,0.5206380301912974,0.7391830345038457,0.9932227457561479,15388,5428
3,0.2,0.7476525244579912,0.7443736730360934,0.5406970715755068,0.7473457215244173,0.9816045956238301,15208,5133
4,0.25,0.7581030885869842,0.7476763387591413,0.563958779044215,0.757062973147365,0.9616601045633512,14899,4754
5,0.3,0.7703917790622993,0.7457419202642133,0.588348574297581,0.7675956889281274,0.9290647389143484,14394,4290
6,0.35,0.7847536198706576,0.7385232366124086,0.6127258668746726,0.7785714090056166,0.8850448589685664,13712,3761
7,0.4,0.8038731725840137,0.7221042698749706,0.638180308310903,0.7907407391384422,0.8198541276705609,12702,3099
8,0.45,0.8202632684497969,0.7006369426751592,0.6529775115058015,0.7984899660404289,0.7561479377783515,11715,2567
9,0.5,0.8386713175836372,0.672139655579146,0.6629660914514907,0.804512458015194,0.6828245013877234,10579,2035
10,0.55,0.8578516953046035,0.6365180467091295,0.6656432036617707,0.8074299431134406,0.6025947201962176,9336,1547
11,0.6,0.8768995299005138,0.594338287331918,0.6601215543127917,0.8065223647599169,0.5177176789517847,8021,1126
12,0.65,0.8947932003747825,0.5473460721868365,0.6468194085818688,0.8016597211007268,0.4314851868585813,6685,786
13,0.7,0.9134648078884733,0.49851380042462845,0.6287674287816656,0.794262324342242,0.34680178144968693,5373,509
14,0.75,0.9287683823529411,0.44510497758905404,0.6032625634690522,0.7825771867877751,0.26089201574904797,4042,310
15,0.8,0.9442190669371197,0.39301722104269876,0.5756688739370942,0.76941698128747,0.18027496288646486,2793,165
16,0.85,0.9574585635359116,0.3471573484312338,0.5491764669952099,0.7563081308533357,0.11185696766281547,1733,77
17,0.9,0.9674887892376681,0.3083746166548714,0.5253083202984397,0.7441487533061978,0.05570257535661267,863,29
18,0.95,0.9838709677419355,0.28034913894786506,0.50752376985721,0.7349571683511396,0.015749047957141934,244,4
19,0.99,1.0,0.26940316112290635,0.5002581811140515,0.7311132011051966,0.0005163622281030143,8,0
