,thresholds,precision_scores,accuracy_scores,auc_roc_scores,avg_precision_scores,recall_scores,true_positives,false_positives
0,0.05,0.7323564169227134,0.7328615239443265,0.5035075412136092,0.7323564169227134,1.0,15493,5662
1,0.1,0.732434988179669,0.7329087048832271,0.5037060615261171,0.7324347996168611,0.9998709094429743,15491,5659
2,0.15,0.7325102880658436,0.7328615239443265,0.5038954524511957,0.7325095940742511,0.9995481830504098,15486,5655
3,0.2,0.7329766076332986,0.7332861523944326,0.5050725604618445,0.7329747982679446,0.9990963661008198,15479,5639
4,0.25,0.7336938475404392,0.7338995046001415,0.506877502049273,0.7336892836348073,0.9983218227586652,15467,5614
5,0.3,0.7345831747240198,0.7342297711724464,0.5090983826030846,0.7345703632053685,0.9964500096817918,15438,5578
6,0.35,0.7362332695984704,0.7353621137060627,0.5131978794102667,0.7362023803276948,0.9941263796553282,15402,5518
7,0.4,0.7390193336869003,0.736824722811984,0.5200169997910146,0.7389336541668416,0.9893500290453753,15328,5413
8,0.45,0.7424478659130773,0.7385704175513093,0.5282489056111445,0.7422590217396559,0.9835409539792164,15238,5286
9,0.5,0.7480541371275594,0.7411653691908469,0.5413287425513424,0.7476087579434982,0.9739237074807978,15089,5082
10,0.55,0.7557279175383987,0.7419202642132579,0.5581927926491644,0.7546366679369323,0.9559155747757052,14810,4787
11,0.6,0.7700574990595949,0.743241330502477,0.5872476992189116,0.7671236724064795,0.9249338410895243,14330,4279
12,0.65,0.7859348598729826,0.7321066289219156,0.6131579704600869,0.7788257790452988,0.8706512618601949,13489,3674
13,0.7,0.8108326053356629,0.7054965793819297,0.642558452360434,0.7931682111555418,0.7788033305363713,12066,2815
14,0.75,0.8503569000679809,0.6580797357867422,0.6685327991100314,0.8080840659721484,0.645904602078358,10007,1761
15,0.8,0.8867578793061324,0.5677754187308327,0.6529798207370916,0.8039642238433145,0.46853417672497255,7259,927
16,0.85,0.926629879419579,0.4660061335220571,0.6148439639965486,0.7882325616612497,0.29264829277738336,4534,359
17,0.9,0.9487414187643021,0.3615475347959424,0.5570800657804909,0.76011204314396,0.13380236235719356,2073,112
18,0.95,0.9623762376237623,0.29105921207832036,0.5140184206021646,0.7382331354362843,0.03136900535725812,486,19
19,0.99,1.0,0.2713847605567351,0.5016136319628219,0.7318425033689088,0.003227263925643839,50,0
