,thresholds,precision_scores,accuracy_scores,auc_roc_scores,avg_precision_scores,recall_scores,true_positives,false_positives
0,0.05,0.732655474107354,0.733238971455532,0.5042644653474149,0.7326553655946244,0.9999354547214871,15492,5653
1,0.1,0.7330650887573964,0.7336164189667375,0.5052984689366394,0.7330641440974478,0.9995481830504098,15486,5639
2,0.15,0.7334849777272296,0.7339466855390422,0.5063556157776914,0.7334825469281537,0.9990318208223068,15478,5624
3,0.2,0.7345813931388387,0.7348903043170559,0.5091068724240044,0.7345737100224141,0.997870005809075,15460,5586
4,0.25,0.73571326438206,0.7356923802783676,0.5119275588257994,0.7356958292987549,0.9963209191247661,15436,5545
5,0.3,0.7375478927203065,0.7370606275064874,0.5164654982846827,0.737508433261914,0.9939972890983024,15400,5480
6,0.35,0.7394070860448301,0.7376739797121963,0.5209858185352171,0.7393232642448491,0.990060027109017,15339,5406
7,0.4,0.7419825072886297,0.7389478650625148,0.5271771053391849,0.7418240593921104,0.9856064028916285,15270,5310
8,0.45,0.7448197977020524,0.739514036329323,0.5338263727027309,0.744530251089669,0.9790873297618279,15169,5197
9,0.5,0.7490031897926634,0.7404576551073366,0.5433937839523504,0.7484620783176084,0.9699864454915123,15028,5036
10,0.55,0.7544763556598479,0.7397499410238264,0.5552674380751896,0.7534099414922949,0.9546246692054476,14790,4813
11,0.6,0.7655724579663731,0.7385232366124086,0.5777584396007991,0.7630043370527485,0.9257729297101916,14343,4392
12,0.65,0.7763224464556748,0.7328615239443265,0.596772485907633,0.77139628926253,0.8913702962628284,13810,3979
13,0.7,0.7908700980392157,0.7169615475347959,0.6172620008316402,0.780872643128658,0.8330859097657006,12907,3413
14,0.75,0.8123322503178415,0.6862939372493513,0.6381791989743029,0.7913691707330784,0.7423352481765959,11501,2657
15,0.8,0.8445870535714286,0.6186364708657702,0.6465403028891903,0.7975667822761193,0.5861356741754341,9081,1671
16,0.85,0.8832116788321168,0.4969096485020052,0.6150907517709256,0.7856669428358747,0.3592590202026722,5566,736
17,0.9,0.9022960429897411,0.34673271998112765,0.5420698586385955,0.7513984317728511,0.11921512941328342,1847,200
18,0.95,0.8801369863013698,0.27949988204765275,0.5052249697269966,0.7334486176267719,0.016588136577809335,257,35
19,0.99,0.9375,0.27232837933474874,0.5019820052925317,0.7319740558661844,0.004840895888465759,75,5
